Workbook

Sheet Data for graphs
A1: Data for graphs
A2: Towers
A3: Min | B3: Max | C3: Average | D3: Total EFGL | E3: EFGL Corrected | F3: Total Eolmed
A4: =MIN('Data EFGL'!E4:E6) -> 8.1666667 | B4: =MAX('Data EFGL'!E4:E6) -> 24.333333 | C4: =AVERAGE('Data EFGL'!E4:E6) -> 14 | D4: ='Data EFGL'!E4+'Data EFGL'!E5+'Data EFGL'!E6 -> 42 | E4: ='Data EFGL'!E4+'Data EFGL'!E5+'Data EFGL'!H6 -> 25.916667 | F4: ='Data Eolmed'!E4+'Data Eolmed'!E5+'Data Eolmed'!E6 -> 14
A5: =MIN('Data EFGL'!E15:E17) -> 5.1666667 | B5: =MAX('Data EFGL'!E15:E17) -> 6.1666667 | C5: =AVERAGE('Data EFGL'!E15:E17) -> 5.6111111 | D5: ='Data EFGL'!E15+'Data EFGL'!E16+'Data EFGL'!E17 -> 16.833333 | E5: =D5 -> 16.833333 | F5: ='Data Eolmed'!E15+'Data Eolmed'!E16+'Data Eolmed'!E17 -> 11.833333
A6: =MIN('Data EFGL'!E27:E29) -> 4.3333333 | B6: =MAX('Data EFGL'!E27:E29) -> 5.6666667 | C6: =AVERAGE('Data EFGL'!E27:E29) -> 5.1111111 | D6: ='Data EFGL'!E27+'Data EFGL'!E28+'Data EFGL'!E29 -> 15.333333 | E6: =D6 -> 15.333333 | F6: ='Data Eolmed'!E26+'Data Eolmed'!E27+'Data Eolmed'!E28 -> 11.166667
A7: =MIN('Data Eolmed'!E4:E6) -> 3.3333333 | B7: =MAX('Data Eolmed'!E4:E6) -> 6.1666667 | C7: =AVERAGE('Data Eolmed'!E4:E6) -> 4.6666667
A8: =MIN('Data Eolmed'!E15:E17) -> 3.5 | B8: =MAX('Data Eolmed'!E15:E17) -> 4.3333333 | C8: =AVERAGE('Data Eolmed'!E15:E17) -> 3.9444444
A9: =MIN('Data Eolmed'!E26:E28) -> 2.5 | B9: =MAX('Data Eolmed'!E26:E28) -> 4.6666667 | C9: =AVERAGE('Data Eolmed'!E26:E28) -> 3.7222222
A10: Blades
A11: =MIN('Data EFGL'!E8:E10) -> 2.5 | B11: =MAX('Data EFGL'!E8:E10) -> 4.8333333 | C11: =AVERAGE('Data EFGL'!E8:E10) -> 4 | D11: ='Data EFGL'!E8+'Data EFGL'!E9+'Data EFGL'!E10 -> 12 | F11: ='Data Eolmed'!E8+'Data Eolmed'!E9+'Data Eolmed'!E10 -> 8.3333333
A12: =MIN('Data EFGL'!E19:E21) -> 3.6666667 | B12: =MAX('Data EFGL'!E19:E21) -> 4.5 | C12: =AVERAGE('Data EFGL'!E19:E21) -> 4 | D12: ='Data EFGL'!E19+'Data EFGL'!E20+'Data EFGL'!E21 -> 12 | F12: ='Data Eolmed'!E19+'Data Eolmed'!E20+'Data Eolmed'!E21 -> 6.1666667
A13: =MIN('Data EFGL'!E31:E33) -> 2.1666667 | B13: =MAX('Data EFGL'!E31:E33) -> 3.1666667 | C13: =AVERAGE('Data EFGL'!E31:E33) -> 2.7222222 | D13: ='Data EFGL'!E31+'Data EFGL'!E32+'Data EFGL'!E33 -> 8.1666667 | F13: ='Data Eolmed'!E30+'Data Eolmed'!E31+'Data Eolmed'!E32 -> 5
A14: =MIN('Data Eolmed'!E8:E10) -> 2 | B14: =MAX('Data Eolmed'!E8:E10) -> 4.1666667 | C14: =AVERAGE('Data Eolmed'!E8:E10) -> 2.7777778
A15: =MIN('Data Eolmed'!E19:E21) -> 1.6666667 | B15: =MAX('Data Eolmed'!E19:E21) -> 2.3333333 | C15: =AVERAGE('Data Eolmed'!E19:E21) -> 2.0555556
A16: =MIN('Data Eolmed'!E30:E32) -> 1.3333333 | B16: =MAX('Data Eolmed'!E30:E32) -> 1.8333333 | C16: =AVERAGE('Data Eolmed'!E30:E32) -> 1.6666667
A17: Nacelles
A18: ='Data EFGL'!E7 -> 4.3333333
A19: ='Data EFGL'!E18 -> 3.5
A20: ='Data EFGL'!E30 -> 3.1666667 | B20: =(A18-A20)/A18 -> 0.26923077 | D20: =AVERAGE(A18:A20)-AVERAGE(A21:A23) -> -0.72222222
A21: ='Data Eolmed'!E7 -> 5.6666667 | D21: =A23-A20 -> 0.66666667
A22: ='Data Eolmed'!E18 -> 3.6666667
A23: ='Data Eolmed'!E29 -> 3.8333333
A24: Total erection
A25: ='Data EFGL'!D10-'Data EFGL'!B4 -> 22.951389 | B25: =(E4+D11+A18)/24 -> 1.7604167
A26: ='Data EFGL'!D21-'Data EFGL'!B15 -> 13.236111 | B26: =(E5+D12+A19)/24 -> 1.3472222
A27: ='Data EFGL'!D33-'Data EFGL'!B27 -> 8.0763889 | B27: =(E6+D13+A20)/24 -> 1.1111111 | C27: =(A25-A27)/A25 -> 0.64810893
A28: ='Data Eolmed'!D10-'Data Eolmed'!B4 -> 14.256944 | B28: =(F4+F11+A21)/24 -> 1.1666667 | C28: =B28*24 -> 28
A29: ='Data Eolmed'!D21-'Data Eolmed'!B15 -> 9.9305556 | B29: =(F5+F12+A22)/24 -> 0.90277778 | C29: =B29*24 -> 21.666667
A30: ='Data Eolmed'!D32-'Data Eolmed'!B26 -> 16.131944 | B30: =(F6+F13+A23)/24 -> 0.83333333 | C30: =B30*24 -> 20
A31: Total quayside
A32: ='Data EFGL'!C11-'Data EFGL'!C3 -> 38.75
A33: ='Data EFGL'!C22-'Data EFGL'!C14 -> 25.708333
A34: ='Data EFGL'!C34-'Data EFGL'!C26 -> 21.798611 | B34: =(A32-A34)/A32 -> 0.4374552
A35: ='Data Eolmed'!C11-'Data Eolmed'!C3 -> 34.902778
A36: ='Data Eolmed'!C22-'Data Eolmed'!C14 -> 19.993056
A37: =IF('Data Eolmed'!C33="","",'Data Eolmed'!C33-'Data Eolmed'!C25)

Sheet Data EFGL
E1: Duration operation
A2: Floater 1 | B2: Beginning crane | C2: In position | D2: End crane | E2: h | F2: days
A3: Floater at quayside | C3: 45790.583
A4: Erection tower section 1 | B4: 45795.424 | C4: 45795.66 | D4: 45795.764 | E4: =(D4-B4)*24 -> 8.1666667
A5: Erection tower section 2 | B5: 45807.326 | C5: 45807.472 | D5: 45807.722 | E5: =(D5-B5)*24 -> 9.5
A6: Erection tower section 3 | B6: 45809.556 | C6: 45810.417 | D6: 45810.569 | E6: =(D6-B6)*24 -> 24.333333 | G6: =C6-AVERAGE(C4-B4,C5-B5) -> 45810.226 | H6: =(D6-G6)*24 -> 8.25
A7: Erection nacelle | B7: 45810.681 | C7: 45810.743 | D7: 45810.861 | E7: =(D7-B7)*24 -> 4.3333333
A8: Erection blade 1 | B8: 45814.292 | C8: 45814.417 | D8: 45814.493 | E8: =(D8-B8)*24 -> 4.8333333
A9: Erection blade 2 | B9: 45815.271 | C9: 45815.375 | D9: 45815.465 | E9: =(D9-B9)*24 -> 4.6666667
A10: Erection blade 3 | B10: 45818.271 | C10: 45818.333 | D10: 45818.375 | E10: =(D10-B10)*24 -> 2.5
A11: Departure WTG + Floating foundation assembly | C11: 45829.333
A13: Floater 2
A14: Floater at quayside | C14: 45832.604
A15: Erection tower section 1 | B15: 45836.465 | C15: 45836.604 | D15: 45836.694 | E15: =(D15-B15)*24 -> 5.5
A16: Erection tower section 2 | B16: 45837.396 | C16: 45837.479 | D16: 45837.653 | E16: =(D16-B16)*24 -> 6.1666667
A17: Erection tower section 3 | B17: 45838.312 | C17: 45838.438 | D17: 45838.528 | E17: =(D17-B17)*24 -> 5.1666667
A18: Erection nacelle | B18: 45838.701 | C18: 45838.792 | D18: 45838.847 | E18: =(D18-B18)*24 -> 3.5
A19: Erection blade 1 | B19: 45842.521 | C19: 45842.646 | D19: 45842.674 | E19: =(D19-B19)*24 -> 3.6666667
A20: Erection blade 2 | B20: 45848.236 | C20: 45848.396 | D20: 45848.424 | E20: =(D20-B20)*24 -> 4.5
A21: Erection blade 3 | B21: 45849.542 | C21: 45849.625 | D21: 45849.701 | E21: =(D21-B21)*24 -> 3.8333333
A22: Departure WTG + Floating foundation assembly | C22: 45858.312
A24: Floater 3
A25: Arrival at storage | C25: 45811
A26: Floater at quayside | C26: 45873.562
A27: Erection tower section 1 | B27: 45876.312 | C27: 45876.41 | D27: 45876.535 | E27: =(D27-B27)*24 -> 5.3333333
A28: Erection tower section 2 | B28: 45876.576 | C28: 45876.743 | D28: 45876.812 | E28: =(D28-B28)*24 -> 5.6666667
A29: Erection tower section 3 | B29: 45878.312 | C29: 45878.431 | D29: 45878.493 | E29: =(D29-B29)*24 -> 4.3333333
A30: Erection nacelle | B30: 45878.639 | C30: 45878.708 | D30: 45878.771 | E30: =(D30-B30)*24 -> 3.1666667
A31: Erection blade 1 | B31: 45882.486 | C31: 45882.562 | D31: 45882.618 | E31: =(D31-B31)*24 -> 3.1666667
A32: Erection blade 2 | B32: 45883.368 | C32: 45883.438 | D32: 45883.486 | E32: =(D32-B32)*24 -> 2.8333333
A33: Erection blade 3 | B33: 45884.299 | C33: 45884.368 | D33: 45884.389 | E33: =(D33-B33)*24 -> 2.1666667
A34: Departure WTG + Floating foundation assembly | C34: 45895.361
A36: Departure floater 1 - arrival 2 | F36: =C14-C11 -> 3.2708333
A37: Departure floater 2 - arrival 3 | F37: =C26-C22 -> 15.25
A38: Departure 1 to site | C38: 45883.417
A39: Departure 1 - Departure 3 | F39: =C34-C38 -> 11.944444
A41: Overall time | F41: =C34-C3 -> 104.77778
A42: Average time per WTG | F42: =F41/3 -> 34.925926
A44: Overall time until erection of last blade | F44: =D33-C4 -> 88.729167
A45: Average time per WTG | F45: =F44/3 -> 29.576389

Sheet Data Eolmed
E1: Duration operation
A2: Floater 1 | B2: Beginning crane | C2: In position | D2: End crane | E2: h | F2: days
A3: Floater at quayside | C3: 45915.528
A4: Erection tower section 1 | B4: 45927.375 | C4: 45927.465 | D4: 45927.632 | E4: =(D4-B4)*24 -> 6.1666667
A5: Erection tower section 2 | B5: 45928.479 | C5: 45928.597 | D5: 45928.667 | E5: =(D5-B5)*24 -> 4.5
A6: Erection tower section 3 | B6: 45933.611 | C6: 45933.708 | D6: 45933.75 | E6: =(D6-B6)*24 -> 3.3333333
A7: Erection nacelle | B7: 45937.458 | C7: 45937.576 | D7: 45937.694 | E7: =(D7-B7)*24 -> 5.6666667
A8: Erection blade 1 | B8: 45940.549 | C8: 45940.688 | D8: 45940.722 | E8: =(D8-B8)*24 -> 4.1666667
A9: Erection blade 2 | B9: 45941.403 | C9: 45941.472 | D9: 45941.486 | E9: =(D9-B9)*24 -> 2
A10: Erection blade 3 | B10: 45941.542 | C10: 45941.618 | D10: 45941.632 | E10: =(D10-B10)*24 -> 2.1666667
A11: Departure WTG + Floating foundation assembly | C11: 45950.431
A13: Floater 2
A14: Floater at quayside | C14: 45951.465
A15: Erection tower section 1 | B15: 45952.618 | C15: 45952.715 | D15: 45952.764 | E15: =(D15-B15)*24 -> 3.5
A16: Erection tower section 2 | B16: 45954.667 | C16: 45954.785 | D16: 45954.847 | E16: =(D16-B16)*24 -> 4.3333333
A17: Erection tower section 3 | B17: 45955.326 | C17: 45955.403 | D17: 45955.493 | E17: =(D17-B17)*24 -> 4
A18: Erection nacelle | B18: 45955.597 | C18: 45955.688 | D18: 45955.75 | E18: =(D18-B18)*24 -> 3.6666667
A19: Erection blade 1 | B19: 45960.604 | C19: 45960.688 | D19: 45960.701 | E19: =(D19-B19)*24 -> 2.3333333
A20: Erection blade 2 | B20: 45962.333 | C20: 45962.389 | D20: 45962.403 | E20: =(D20-B20)*24 -> 1.6666667
A21: Erection blade 3 | B21: 45962.458 | C21: 45962.521 | D21: 45962.549 | E21: =(D21-B21)*24 -> 2.1666667
A22: Departure WTG + Floating foundation assembly | C22: 45971.458
A24: Floater 3
A25: Floater at quayside | C25: 45972.451
A26: Erection tower section 1 | B26: 45976.486 | C26: 45976.562 | D26: 45976.681 | E26: =(D26-B26)*24 -> 4.6666667
A27: Erection tower section 2 | B27: 45977.486 | C27: 45977.597 | D27: 45977.653 | E27: =(D27-B27)*24 -> 4
A28: Erection tower section 3 | B28: 45977.736 | C28: 45977.799 | D28: 45977.84 | E28: =(D28-B28)*24 -> 2.5
A29: Erection nacelle | B29: 45984.438 | C29: 45984.5 | D29: 45984.597 | E29: =(D29-B29)*24 -> 3.8333333
A30: Erection blade 1 | B30: 45990.354 | C30: 45990.41 | D30: 45990.431 | E30: =(D30-B30)*24 -> 1.8333333
A31: Erection blade 2 | B31: 45990.542 | C31: 45990.597 | D31: 45990.618 | E31: =(D31-B31)*24 -> 1.8333333
A32: Erection blade 3 | B32: 45992.562 | C32: 45992.604 | D32: 45992.618 | E32: =(D32-B32)*24 -> 1.3333333
A33: Departure WTG + Floating foundation assembly
A35: Departure floater 1 - arrival 2 | F35: =C14-C11 -> 1.0347222
A36: Departure floater 2 - arrival 3 | F36: =C25-C22 -> 0.99305556
A37: Departure 1 to site
A38: Departure 1 - Departure 3 | F38: =C33-C37 -> 0
A40: Overall time | F40: =C33-C3 -> -45915.528
A41: Average time per WTG | F41: =F40/3 -> -15305.176
A43: Overall time until erection of last blade | F43: =D32-C3 -> 77.090278
A44: Average time per WTG | F44: =F43/3 -> 25.696759
